<annotation>
	<folder>dogs-cats</folder>
	<filename>cat.995.jpg</filename>
	<path>C:\Users\LENOVO\Desktop\dogs-cats\dogs-cats\cat.995.jpg</path>
	<source>
		<database>Unknown</database>
	</source>
	<size>
		<width>266</width>
		<height>186</height>
		<depth>3</depth>
	</size>
	<segmented>0</segmented>
	<object>
		<name>cat</name>
		<pose>Unspecified</pose>
		<truncated>0</truncated>
		<difficult>0</difficult>
		<bndbox>
			<xmin>71</xmin>
			<ymin>13</ymin>
			<xmax>261</xmax>
			<ymax>178</ymax>
		</bndbox>
	</object>
</annotation>
