<annotation>
	<folder>dogs-cats</folder>
	<filename>cat.9933.jpg</filename>
	<path>C:\Users\LENOVO\Desktop\dogs-cats\dogs-cats\cat.9933.jpg</path>
	<source>
		<database>Unknown</database>
	</source>
	<size>
		<width>447</width>
		<height>336</height>
		<depth>3</depth>
	</size>
	<segmented>0</segmented>
	<object>
		<name>cat</name>
		<pose>Unspecified</pose>
		<truncated>0</truncated>
		<difficult>0</difficult>
		<bndbox>
			<xmin>59</xmin>
			<ymin>4</ymin>
			<xmax>388</xmax>
			<ymax>330</ymax>
		</bndbox>
	</object>
</annotation>
