<annotation>
	<folder>dogs-cats</folder>
	<filename>cat.9911.jpg</filename>
	<path>C:\Users\LENOVO\Desktop\dogs-cats\dogs-cats\cat.9911.jpg</path>
	<source>
		<database>Unknown</database>
	</source>
	<size>
		<width>289</width>
		<height>235</height>
		<depth>3</depth>
	</size>
	<segmented>0</segmented>
	<object>
		<name>cat</name>
		<pose>Unspecified</pose>
		<truncated>0</truncated>
		<difficult>0</difficult>
		<bndbox>
			<xmin>76</xmin>
			<ymin>17</ymin>
			<xmax>156</xmax>
			<ymax>120</ymax>
		</bndbox>
	</object>
	<object>
		<name>cat</name>
		<pose>Unspecified</pose>
		<truncated>0</truncated>
		<difficult>0</difficult>
		<bndbox>
			<xmin>156</xmin>
			<ymin>67</ymin>
			<xmax>250</xmax>
			<ymax>232</ymax>
		</bndbox>
	</object>
</annotation>
