<annotation>
	<folder>dogs-cats</folder>
	<filename>cat.9960.jpg</filename>
	<path>C:\Users\LENOVO\Desktop\dogs-cats\dogs-cats\cat.9960.jpg</path>
	<source>
		<database>Unknown</database>
	</source>
	<size>
		<width>320</width>
		<height>239</height>
		<depth>3</depth>
	</size>
	<segmented>0</segmented>
	<object>
		<name>cat</name>
		<pose>Unspecified</pose>
		<truncated>0</truncated>
		<difficult>0</difficult>
		<bndbox>
			<xmin>170</xmin>
			<ymin>49</ymin>
			<xmax>278</xmax>
			<ymax>151</ymax>
		</bndbox>
	</object>
	<object>
		<name>cat</name>
		<pose>Unspecified</pose>
		<truncated>0</truncated>
		<difficult>0</difficult>
		<bndbox>
			<xmin>106</xmin>
			<ymin>57</ymin>
			<xmax>171</xmax>
			<ymax>151</ymax>
		</bndbox>
	</object>
	<object>
		<name>cat</name>
		<pose>Unspecified</pose>
		<truncated>0</truncated>
		<difficult>0</difficult>
		<bndbox>
			<xmin>10</xmin>
			<ymin>153</ymin>
			<xmax>150</xmax>
			<ymax>234</ymax>
		</bndbox>
	</object>
</annotation>
