<annotation>
	<folder>dogs-cats</folder>
	<filename>cat.99.jpg</filename>
	<path>C:\Users\LENOVO\Desktop\dogs-cats\dogs-cats\cat.99.jpg</path>
	<source>
		<database>Unknown</database>
	</source>
	<size>
		<width>225</width>
		<height>175</height>
		<depth>3</depth>
	</size>
	<segmented>0</segmented>
	<object>
		<name>cat</name>
		<pose>Unspecified</pose>
		<truncated>0</truncated>
		<difficult>0</difficult>
		<bndbox>
			<xmin>11</xmin>
			<ymin>13</ymin>
			<xmax>202</xmax>
			<ymax>166</ymax>
		</bndbox>
	</object>
</annotation>
