<annotation>
	<folder>dogs-cats</folder>
	<filename>dog.9960.jpg</filename>
	<path>C:\Users\LENOVO\Desktop\dogs-cats\dogs-cats\dog.9960.jpg</path>
	<source>
		<database>Unknown</database>
	</source>
	<size>
		<width>429</width>
		<height>500</height>
		<depth>3</depth>
	</size>
	<segmented>0</segmented>
	<object>
		<name>dog</name>
		<pose>Unspecified</pose>
		<truncated>0</truncated>
		<difficult>0</difficult>
		<bndbox>
			<xmin>66</xmin>
			<ymin>14</ymin>
			<xmax>383</xmax>
			<ymax>395</ymax>
		</bndbox>
	</object>
</annotation>
