<annotation>
	<folder>dogs-cats</folder>
	<filename>dog.9916.jpg</filename>
	<path>C:\Users\LENOVO\Desktop\dogs-cats\dogs-cats\dog.9916.jpg</path>
	<source>
		<database>Unknown</database>
	</source>
	<size>
		<width>499</width>
		<height>374</height>
		<depth>3</depth>
	</size>
	<segmented>0</segmented>
	<object>
		<name>dog</name>
		<pose>Unspecified</pose>
		<truncated>0</truncated>
		<difficult>0</difficult>
		<bndbox>
			<xmin>154</xmin>
			<ymin>8</ymin>
			<xmax>484</xmax>
			<ymax>358</ymax>
		</bndbox>
	</object>
</annotation>
