<annotation>
	<folder>dogs-cats</folder>
	<filename>dog.990.jpg</filename>
	<path>C:\Users\LENOVO\Desktop\dogs-cats\dogs-cats\dog.990.jpg</path>
	<source>
		<database>Unknown</database>
	</source>
	<size>
		<width>100</width>
		<height>74</height>
		<depth>3</depth>
	</size>
	<segmented>0</segmented>
	<object>
		<name>dog</name>
		<pose>Unspecified</pose>
		<truncated>0</truncated>
		<difficult>0</difficult>
		<bndbox>
			<xmin>3</xmin>
			<ymin>4</ymin>
			<xmax>93</xmax>
			<ymax>73</ymax>
		</bndbox>
	</object>
</annotation>
