<annotation>
	<folder>dogs-cats</folder>
	<filename>dog.9909.jpg</filename>
	<path>C:\Users\LENOVO\Desktop\dogs-cats\dogs-cats\dog.9909.jpg</path>
	<source>
		<database>Unknown</database>
	</source>
	<size>
		<width>498</width>
		<height>374</height>
		<depth>3</depth>
	</size>
	<segmented>0</segmented>
	<object>
		<name>dog</name>
		<pose>Unspecified</pose>
		<truncated>0</truncated>
		<difficult>0</difficult>
		<bndbox>
			<xmin>29</xmin>
			<ymin>67</ymin>
			<xmax>390</xmax>
			<ymax>309</ymax>
		</bndbox>
	</object>
</annotation>
