<annotation>
	<folder>dogs-cats</folder>
	<filename>dog.9942.jpg</filename>
	<path>C:\Users\LENOVO\Desktop\dogs-cats\dogs-cats\dog.9942.jpg</path>
	<source>
		<database>Unknown</database>
	</source>
	<size>
		<width>334</width>
		<height>499</height>
		<depth>3</depth>
	</size>
	<segmented>0</segmented>
	<object>
		<name>dog</name>
		<pose>Unspecified</pose>
		<truncated>0</truncated>
		<difficult>0</difficult>
		<bndbox>
			<xmin>65</xmin>
			<ymin>118</ymin>
			<xmax>268</xmax>
			<ymax>418</ymax>
		</bndbox>
	</object>
</annotation>
