<annotation>
	<folder>dogs-cats</folder>
	<filename>dog.9966.jpg</filename>
	<path>C:\Users\LENOVO\Desktop\dogs-cats\dogs-cats\dog.9966.jpg</path>
	<source>
		<database>Unknown</database>
	</source>
	<size>
		<width>359</width>
		<height>360</height>
		<depth>3</depth>
	</size>
	<segmented>0</segmented>
	<object>
		<name>dog</name>
		<pose>Unspecified</pose>
		<truncated>0</truncated>
		<difficult>0</difficult>
		<bndbox>
			<xmin>15</xmin>
			<ymin>18</ymin>
			<xmax>309</xmax>
			<ymax>349</ymax>
		</bndbox>
	</object>
</annotation>
