<annotation>
	<folder>dogs-cats</folder>
	<filename>dog.995.jpg</filename>
	<path>C:\Users\LENOVO\Desktop\dogs-cats\dogs-cats\dog.995.jpg</path>
	<source>
		<database>Unknown</database>
	</source>
	<size>
		<width>499</width>
		<height>375</height>
		<depth>3</depth>
	</size>
	<segmented>0</segmented>
	<object>
		<name>dog</name>
		<pose>Unspecified</pose>
		<truncated>0</truncated>
		<difficult>0</difficult>
		<bndbox>
			<xmin>179</xmin>
			<ymin>30</ymin>
			<xmax>447</xmax>
			<ymax>356</ymax>
		</bndbox>
	</object>
</annotation>
